C0027497,Nausea,1179
C0018681,Headache,1092
C0011603,Dermatitis,1070
C0015230,Rash,1062
C0042963,Vomiting,1060
C0012833,Dizziness,1014
C0011991,Diarrhoea,957
C0033774,Pruritus,924
C0004093,Asthenia,890
C0020517,Hypersensitivity,880
C0000737,Abdominal pain,808
C0042109,Urticaria,779
C0687713,Gastrointestinal pain,764
C0015967,Body temperature increased,753
C0017178,Gastrointestinal disorder,728
C0030193,Pain,725
C1443060,Feeling abnormal,717
C0015672,Fatigue,714
C0009806,Constipation,687
C0013404,Dyspnoea,687
C0013395,Dyspepsia,686
C0948594,Musculoskeletal discomfort,678
C0232462,Decreased appetite,677
C0917801,Insomnia,662
C2830004,Somnolence,657
C0020649,Hypotension,652
C0030554,Paraesthesia,637
C0037274,Skin disorder,625
C0027765,Nervous system disorder,614
C0002792,Anaphylactic shock,613
C0020458,Hyperhidrosis,591
C0040034,Thrombocytopenia,591
C0003123,Anorexia,589
C0009450,Infection,588
C0036974,Shock,583
C0039231,Tachycardia,581
C0178298,Unspecified disorder of skin and subcutaneous tissue,575
C0003862,Arthralgia,573
C0013604,Oedema,565
C0010200,Cough,557
C0231528,Myalgia,556
C0020538,Hypertension,555
C0234215,Discomfort,547
C0043352,Dry mouth,543
C0008031,Chest pain,540
C0003467,Anxiety,538
C0009676,Confusional state,537
C0041657,Loss of consciousness,521
C0002994,Angioedema,520
C0036572,Convulsion,509
C0002871,Anaemia,502
C0023530,Leukopenia,501
C0030252,Palpitations,500
C0042571,Vertigo,498
C0039070,Syncope,497
C0231218,Malaise,491
C0004604,Back pain,489
C2047937,Ill-defined disorder,477
C0041834,Erythema,475
C0037763,Muscle spasms,472
C0085631,Agitation,467
C0162429,Malnutrition,460
C0040822,Tremor,456
C0004936,Mental disorder,451
C0344232,Vision blurred,451
C0042373,Angiopathy,449
C0013378,Dysgeusia,444
C0025061,Mediastinal disorder,444
C0021053,Immune system disorder,440
C0016204,Flatulence,439
C0002170,Alopecia,437
C0085593,Chills,432
C0027769,Nervousness,431
C0233494,Tension,426
C0016382,Flushing,417
C0018799,Cardiac disorder,406
C0085649,Oedema peripheral,403
C0003811,Arrhythmia,402
C0015397,Eye disorder,399
C0009782,Connective tissue disorder,395
C0040264,Tinnitus,388
C0014742,Erythema multiforme,384
C0041969,Urethral disorder,380
C3665347,Visual impairment,379
C0019080,Haemorrhage,376
C0031350,Pharyngitis,376
C0042075,Urinary tract disorder,376
C0518015,Haemoglobin,374
C0035455,Rhinitis,372
C0019158,Hepatitis,361
C0428977,Bradycardia,355
C0020580,Hypoaesthesia,354
C0037199,Sinusitis,354
C0014591,Epistaxis,347
C0042029,Urinary tract infection,346
C0851341,Infestation NOS,341
C1384353,Infestation,341
C0267792,Hepatobiliary disease,339
C0018524,Hallucination,338
C0851353,Blood and lymphatic system disorders,337
C0031117,Neuropathy peripheral,333
C0018965,Haematuria,332
C0032285,Pneumonia,329
C0027051,Myocardial infarction,328
C0948089,Acute coronary syndrome,328
C0001824,Agranulocytosis,327
C0038362,Stomatitis,326
C0009763,Conjunctivitis,325
C0020456,Hyperglycaemia,325
C0043094,Weight increased,325
C0035078,Renal failure,324
C0038990,Sweating,323
C0041912,Upper respiratory tract infection,322
C0022346,Jaundice,321
C0011570,Depression,318
C0038325,Stevens-Johnson syndrome,316
C0043096,Weight decreased,313
C0030305,Pancreatitis,311
C0027947,Neutropenia,307
C0162830,Photosensitivity reaction,302
C0006277,Bronchitis,301
C0013144,Drowsiness,299
C0042023,Pollakiuria,296
C0242350,Erectile dysfunction,295
C0013428,Dysuria,294
C0000731,Abdominal distension,293
C0030312,Pancytopenia,291
C0700590,Sweating increased,287
C0002962,Angina pectoris,286
C0014457,Eosinophilia,286
C0232487,Abdominal discomfort,285
C0006266,Bronchospasm,280
C0021400,Influenza,278
C0027441,Nasopharyngitis,277
C0151786,Muscular weakness,274
C0004096,Asthma,270
C0151904,Aspartate aminotransferase increased,270
C0151905,Alanine aminotransferase increased,268
C0026821,Cramp muscle,265
C0151908,Dry skin,262
C0232492,Abdominal pain upper,261
C0011168,Dysphagia,260
C0017152,Gastritis,259
C0006145,Breast disorder,253
C0014518,Toxic epidermal necrolysis,253
C0020651,Orthostatic hypotension,250
C0020621,Hypokalaemia,249
C0030196,Pain in extremity,249
C0235431,Blood creatinine increased,244
C0340865,Anaphylactoid reaction,244
C0151766,Liver function test abnormal,242
C0085633,Mood swings,240
C0004134,Ataxia,238
C0011175,Dehydration,238
C0542571,Face oedema,238
C0080274,Urinary retention,234
C0018790,Cardiac arrest,232
C0855242,Disturbance in sexual arousal,232
C0149931,Migraine,230
C0022107,Irritability,226
C0233472,Affect lability,226
C0038454,Cerebrovascular accident,223
C0033975,Psychotic disorder,220
C0236075,Menopausal symptoms,220
C0003864,Arthritis,219
C0023380,Lethargy,219
C0029408,Osteoarthritis,219
C0232461,Increased appetite,219
C0020615,Hypoglycaemia,218
C0034150,Purpura,216
C0600142,Hot flush,216
C0851354,Ear and labyrinth disorders,216
C0018801,Cardiac failure,215
C0012569,Diplopia,214
C0017181,Gastrointestinal haemorrhage,214
C0020625,Hyponatraemia,213
C0039971,Thirst,210
C0085932,Dermatitis bullous,210
C0011124,Libido decreased,208
C0022660,Renal failure acute,208
C0004238,Atrial fibrillation,206
C0011606,Dermatitis exfoliative,206
C1565489,Renal impairment,206
C0040046,Thrombophlebitis,205
C3263723,Injury,205
C0002622,Amnesia,203
C0018802,Cardiac failure congestive,203
C0027424,Nasal congestion,203
C0038999,Swelling,202
C0011849,Diabetes mellitus,201
C0085605,Hepatic failure,201
C1368065,Vascular purpura,200
C0151827,Eye pain,199
C0547030,Visual disturbance,199
C0002878,Haemolytic anaemia,198
C0013595,Eczema,196
C0851578,Sleep disorder,194
C0011053,Deafness,193
C0017160,Gastroenteritis,192
C0032617,Polyuria,191
C0151735,Injection site reaction,188
C0852911,Blood alkaline phosphatase increased,186
C0243026,Sepsis,185
C0349506,Photosensitivity,184
C0497156,Lymphadenopathy,184
C0086565,Hepatic function abnormal,182
C0013491,Ecchymosis,180
C0013456,Ear pain,177
C0018418,Gynaecomastia,176
C0027651,Neoplasm,176
C0233407,Disorientation,175
C0034063,Pulmonary oedema,174
C1306341,Mental disability,174
C0026826,Hypertonia,173
C0009421,Coma,171
C0014868,Oesophagitis,170
C1167965,Urine output increased,170
C0031542,Phlebitis,169
C0034065,Pulmonary embolism,169
C0149745,Mouth ulceration,169
C0423791,Rash maculo-papular,169
C0424295,Hyperkinesia,169
C3665386,Abnormal vision,169
C0043144,Wheezing,168
C0235146,Euphoric mood,168
C0442874,Neuropathy,166
C0006840,Candida infection,164
C0232849,Bladder pain,164
C0404521,Vaginal infection,164
C0026858,Musculoskeletal pain,163
C0314719,Dry eye,163
C0268000,Fluid retention,162
C0521839,Influenza like illness,162
C0151539,Blood urea increased,160
C0002874,Aplastic anaemia,159
C0011616,Dermatitis contact,158
C0023218,Cramps of lower extremities,158
C0042024,Urinary incontinence,157
C0085636,Photophobia,157
C0220870,Lightheadedness,156
C0237849,Skin exfoliation,156
C0020461,Hyperkalaemia,153
C0021368,Inflammation,153
C0025222,Melaena,153
C0151825,Bone pain,153
C0014724,Eructation,152
C0010692,Cystitis,151
C0042267,Vaginal inflammation,151
C0007859,Neck pain,149
C0042384,Vasculitis,149
C0403632,Cystitis noninfective,149
C0009319,Colitis,148
C0234458,Abnormal dreams,148
C0037036,Salivary hypersecretion,147
C0235416,Blood uric acid increased,147
C0497247,Blood pressure increased,147
C0023518,Leukocytosis,146
C0028084,Nightmare,146
C0151763,Hepatocellular injury,146
C0151849,Phosphatase alkaline increased,146
C0231530,Muscle twitching,146
C2363731,Oropharyngeal pain,146
C0019521,Hiccups,144
C0574067,Cough increased,144
C0042514,Ventricular tachycardia,143
C0549249,Depressed level of consciousness,143
C1384666,Hearing impaired,143
C0086543,Cataract,142
C0575081,Gait disturbance,142
C0151828,Injection site pain,141
C0152227,Lacrimation increased,141
C1145670,Respiratory failure,140
C0017675,Glossitis,139
C0009938,Contusion,137
C0020433,Hyperbilirubinaemia,137
C0020443,Hypercholesterolaemia,137
C0151578,Creatinine increased,137
C0267596,Rectal haemorrhage,137
C0520966,Coordination abnormal,137
C0013390,Dysmenorrhoea,136
C0017168,Gastrooesophageal reflux disease,136
C0018099,Gout,136
C0948586,Protein urine present,136
C0030232,Pallor,135
C0151907,Skin discolouration,135
C0235710,Chest discomfort,135
C0235996,Hepatic enzyme increased,135
C0311468,Blood bilirubin increased,135
C0740394,Hyperuricaemia,135
C0028734,Nocturia,134
C0948525,Musculoskeletal stiffness,134
C0022408,Arthropathy,133
C0033687,Proteinuria,133
C0004245,Atrioventricular block,132
C0006826,Neoplasm malignant,132
C0035410,Rhabdomyolysis,132
C0687133,Drug interaction,132
C0019348,Herpes simplex,131
C0020598,Hypocalcaemia,131
C0041582,Ulcer,131
C0042401,Vasodilation,131
C1142412,Vasodilation procedure,131
C0022354,Jaundice cholestatic,130
C0028961,Oliguria,130
C0702166,Acne,130
C0013362,Dysarthria,129
C0024902,Breast pain,129
C0042769,Viral infection,129
C0007642,Cellulitis,128
C0013384,Dyskinesia,128
C0014130,Endocrine disorder,127
C0233414,Disturbance in attention,127
C0151636,Ventricular extrasystoles,126
C0235266,Eye irritation,126
C0151736,Accidental injury,125
C0005940,Bone disorder,123
C0233632,Thinking abnormal,123
C0160390,Liver injury,122
C1527344,Dysphonia,122
C0002453,Amenorrhoea,121
C0018939,Blood disorder,120
C0031256,Petechiae,120
C0424790,Rigors,120
C0677500,Stinging,120
C0001807,Aggression,119
C0234233,Tenderness,119
C0278134,Sensory loss,119
C0007222,Cardiovascular disorder,118
C0017979,Glycosuria,118
C0037822,Speech disorder,118
C1260880,Rhinorrhoea,118
C0003578,Apnoea,116
C0151662,Gamma-glutamyltransferase increased,116
C2979982,Vaginal haemorrhage,115
C0019079,Haemoptysis,114
C0019360,Herpes zoster,114
C2939147,Feeling hot,114
C0028643,Numbness,113
C0032227,Pleural effusion,113
C0026946,Fungal infection,112
C0151744,Myocardial ischaemia,112
C0392525,Nephrolithiasis,112
C0235378,Hepatotoxicity,111
C0000833,Abscess,110
C0011206,Delirium,110
C0017601,Glaucoma,110
C0040053,Thrombosis,110
C0041349,Tubulointerstitial nephritis,109
C0340464,Extrasystoles,109
C2364111,Ageusia,109
C0025323,Menorrhagia,108
C0037299,Skin ulcer,108
C0233794,Memory impairment,108
C0085641,Rash pustular,107
C0015376,Extravasation,106
C0026848,Myopathy,106
C0026961,Mydriasis,106
C0011615,Dermatitis atopic,105
C0020453,Hyperaesthesia,105
C2363730,Oropharyngeal discomfort,105
C0002418,Amblyopia,104
C0005779,Coagulopathy,104
C0008370,Cholestasis,104
C0017574,Gingivitis,104
C0162119,Haemoglobin decreased,104
C0234913,Rash erythematous,104
C0242429,Throat sore,103
C0042510,Ventricular fibrillation,102
C0005758,Blister,101
C0015371,Extrapyramidal disorder,101
C0392171,Influenza-like symptoms,101
C0018926,Haematemesis,100
C0023066,Laryngospasm,100
C0029882,Otitis media,100
C0549373,Laryngeal pain,100
C0000729,Abdominal cramps,99
C0001925,Albuminuria,99
C0018944,Haematoma,99
C0025874,Metrorrhagia,99
C0027813,Neuritis,99
C0085612,Ventricular arrhythmia,99
C0085624,Burning sensation,99
C0858635,Pharyngolaryngeal pain,99
C2242996,Tingling sensation,99
C0010520,Cyanosis,98
C0019209,Hepatomegaly,98
C0020437,Hypercalcaemia,98
C0027540,Necrosis,98
C0036454,Scotoma,98
C0040409,Tongue disorder,98
C0030920,Peptic ulcer,97
C0085628,Stupor,97
C0011253,Delusion,96
C0023067,Laryngitis,96
C0028738,Nystagmus,96
C0206062,Interstitial lung disease,96
C1258215,Ileus,96
C0338831,Mania,95
C0853034,Blood creatine phosphokinase increased,95
C0027707,Nephritis interstitial,94
C0149871,Deep vein thrombosis,94
C0232459,Digestion impaired,94
C0438717,Transaminases increased,94
C0522224,Paralysis,94
C0853692,Blood triglycerides increased,94
C0013922,Embolism,93
C0027796,Neuralgia,93
C0332575,Redness,93
C0006849,Oral candidiasis,92
C0023895,Liver disorder,92
C0029134,Optic neuritis,92
C0010709,Cyst,91
C0020578,Hyperventilation,91
C0025345,Menstrual disorder,91
C0036508,Seborrhoeic dermatitis,90
C0040479,Torsade de pointes,90
C0424000,Suicidal ideation,90
C0855775,Pulmonary function test decreased,90
C0016436,Folliculitis,89
C0018834,Heartburn,89
C0020473,Hyperlipidaemia,89
C0021843,Intestinal obstruction,89
C0023052,Laryngeal oedema,89
C0235063,Respiratory depression,89
C0011551,Depersonalisation,88
C0020676,Hypothyroidism,88
C0037383,Sneezing,88
C2225524,Breast enlargement,88
C0040460,Toothache,87
C0151773,Bone marrow depression,87
C0233471,Flat affect,87
C0235309,Upset stomach,87
C0700225,Serum creatinine increased,87
C1456784,Paranoia,87
C1510410,Parosmia,87
C0008350,Cholelithiasis,86
C0040435,Tooth disorder,86
C0085632,Apathy,86
C0003537,Aphasia,85
C0019572,Hirsutism,85
C0022568,Keratitis,85
C0022650,Calculus of kidney,85
C0242184,Hypoxia,85
C0476273,Respiratory distress,85
C0027339,Nail disorder,84
C0151723,Hypomagnesaemia,84
C0227791,Vaginal discharge,84
C0522055,Electrocardiogram abnormal,84
C0019112,Haemorrhoids,83
C0029456,Osteoporosis,83
C0086439,Hypokinesia,83
C0151878,Electrocardiogram QT prolonged,83
C0235660,Galactorrhoea,83
C0746883,Febrile neutropenia,83
C0032584,Polyp,82
C0039240,Supraventricular tachycardia,82
C0206277,Fatal outcomes,82
C0302295,Eruption,82
C0423153,Lacrimation,82
C0947912,Myasthenia,82
C0021177,Libido increased,81
C0033860,Psoriasis,81
C0836924,Thrombocytosis,81
C0853149,Blood lactate dehydrogenase increased,81
C0085682,Hypophosphataemia,80
C0024141,Systemic lupus erythematosus,79
C0030794,Pelvic pain,79
C0085584,Encephalopathy,79
C0235198,Cerebration impaired,79
C0392386,Platelet count decreased,79
C0005741,Blepharitis,78
C0016655,Multiple fractures,78
C0016658,Fracture,78
C0020557,Hypertriglyceridaemia,78
C0156404,Menstruation irregular,78
C0162834,Skin hyperpigmentation,78
C0011609,Drug eruption,77
C0017565,Gingival bleeding,77
C0024115,Lung disorder,77
C0027066,Myoclonus,77
C0035243,Respiratory tract infection,77
C0333355,Mucosal inflammation,77
C0595916,Nephropathy toxic,77
C1609512,Vulvovaginal mycotic infection,77
C0028081,Night sweats,76
C0853813,Local reaction,76
C0234632,Visual acuity reduced,75
C2129214,Loose stools,75
C0008325,Cholecystitis,74
C0020488,Hypernatraemia,74
C0085606,Micturition urgency,74
C0426576,Gastrointestinal symptom NOS,74
C0456909,Blindness,74
C0151603,Generalised oedema,73
C0151798,Hepatic necrosis,73
C0392025,Enlargement abdomen,73
C0037317,Sleep disturbance,72
C0151610,Tongue oedema,72
C0340726,Embolism venous,72
C0549622,Sexual dysfunction,72
C0700345,Vulvovaginal candidiasis,72
C2242737,Anorectal discomfort,72
C0239571,Foetor hepaticus,71
C0007787,Transient ischaemic attack,70
C0024312,Lymphopenia,70
C0038358,Gastric ulcer,70
C0438142,Urine analysis abnormal,70
C2937358,Cerebral haemorrhage,70
C0006852,Vaginal moniliasis,69
C0018794,Block heart,69
C0021141,Inappropriate antidiuretic hormone secretion,69
C0032961,Pregnancy,69
C0038663,Suicide attempt,69
C0151576,Creatine phosphokinase increased,69
C0152198,Accommodation disorder,69
C0151883,Vesiculobullous rash,68
C0700184,Throat irritation,68
C0852733,Completed suicide,68
C0013447,Ear disorder,67
C0015732,Faecal incontinence,67
C0234133,Extrapyramidal symptoms,67
C0392156,Akathisia,67
C0575090,Balance disorder,67
C1257843,Pseudomembranous colitis,67
C0020039,Hostility,66
C0151754,Lactic dehydrogenase activity increased,66
C1320474,Nuchal rigidity,66
C0020672,Body temperature decreased,65
C0026827,Hypotonia,65
C0033117,Priapism,65
C0413252,Hypothermia,65
C0558489,Renal pain,65
C0595877,Blood glucose increased,65
C0006384,Bundle branch block,64
C0152029,Sinus congestion,64
C0235639,Urine abnormality,64
C0750394,White blood cell count decreased,64
C0001122,Acidosis,63
C0027726,Nephrotic syndrome,63
C0032326,Pneumothorax,63
C0152031,Joint swelling,63
C0162835,Leukoderma,63
C0242528,Azotaemia,63
C0027121,Myositis,62
C0034886,Proctalgia,62
C0043251,Trauma,62
C0151479,Amylase increased,62
C0151692,Impaired healing,62
C0234708,Intraocular pressure increased,62
C1971624,Appetite absent,62
C0006444,Bursitis,61
C0022658,Nephropathy,61
C0085610,Sinus bradycardia,61
C0151746,Kidney function abnormal,61
C0235896,Lung infiltration,61
C0878544,Cardiomyopathy,61
C1142135,Muscle relaxant therapy,61
C1291077,Abdominal bloating,61
C0011071,Sudden death,60
C0015402,Eye haemorrhage,60
C0026837,Muscle rigidity,60
C0027849,Neuroleptic malignant syndrome,60
C0033771,Prurigo,60
C0034069,Pulmonary fibrosis,60
C0085096,Peripheral vascular disorder,60
C0151315,Neck stiffness,60
C0151596,Tongue discolouration,60
C0232292,Chest tightness,60
C0242301,Furuncle,60
C0014236,Endophthalmitis,59
C0162285,Eyelid oedema,59
C0687707,Anorectal disorder,59
C0917798,Cerebral ischaemia,59
C0001339,Pancreatitis acute,58
C0009241,Cognitive disorder,58
C0023533,Leukorrhea,58
C0036830,Serum sickness,58
C0038661,Suicide,58
C0206061,Interstitial pneumonia,58
C0234238,Ache,58
C0521591,Paraesthesia oral,58
C1291078,Epigastric discomfort,58
C0019825,Hoarseness,57
C0023222,Leg pain,57
C0031046,Pericarditis,57
C0150450,Altered state of consciousness,57
C0151699,Haemorrhage intracranial,57
C0151740,Intracranial pressure increased,57
C0151889,Hyperreflexia,57
C0152128,Drug withdrawal syndrome,57
C0155169,Ocular hyperaemia,57
C0332534,Induration,57
C0521491,Application site pain,57
C0877359,Raised liver function tests,57
C0013295,Duodenal ulcer,56
C0042790,Disorder sight,56
C0854467,Myelosuppression,56
C0034882,Rectal disorder,55
C0038363,Aphthous stomatitis,55
C0152030,Skin irritation,55
C0277925,Peripheral coldness,55
C0857305,Thrombocytopenic purpura,55
C2973529,Leukocytoclastic vasculitis,55
C0004623,Bacterial infection,54
C0014743,Erythema nodosum,54
C0022281,Eye pruritus,54
C0022904,Lacrimal disorder,54
C0232431,Cold sweat,54
C1761613,Conjunctival hyperaemia,54
C2981158,Loss of libido,54
C0014544,Epilepsy,53
C0014549,Grand mal convulsion,53
C0038367,Ulcerative stomatitis,53
C0151505,Application site reaction,53
C0151872,Prothrombin level increased,53
C0233571,Excitement,53
C0235086,Muscle contractions involuntary,53
C0497327,Dementia,53
C0546817,Fluid overload,53
C0699744,Ear infection,53
C0744727,Haematocrit decreased,53
C0019270,Hernia,52
C0025289,Meningitis,52
C0029118,Opportunistic infection,52
C0152459,Skin striae,52
C0232493,Epigastric pain,52
C0236071,Throat tightness,52
C0497365,Rash generalised,52
C0919980,VIIth nerve paralysis,52
C0011630,Fungal skin infection,51
C0020555,Hypertrichosis,51
C0031212,Personality disorder,51
C0151205,Periorbital oedema,51
C0151602,Swelling face,51
C0151888,Hyporeflexia,51
C0162297,Respiratory arrest,51
C0242422,Parkinsonism,51
C0344315,Depressed mood,51
C0006142,Breast cancer,50
C0007820,Cerebrovascular disorder,50
C0016199,Flank pain,50
C0020550,Hyperthyroidism,50
C0030446,Ileus paralytic,50
C0342579,Electrolyte imbalance,50
C0016867,Furunculosis,49
C0018932,Haematochezia,49
C0029445,Osteonecrosis,49
C0031039,Pericardial effusion,49
C0033575,Prostatic disorder,49
C0034642,Rales,49
C0151514,Skin atrophy,49
C0221201,Rash macular,49
C0235234,Dry throat,49
C0518988,Tooth abscess,49
C1956346,Coronary artery disease,49
C0007971,Cheilitis,48
C0026205,Miosis,48
C0033777,Pruritus genital,48
C0151836,Paranoid reaction,48
C0151970,Oesophageal ulcer,48
C0221512,Stomach ache,48
C0233477,Dysphoria,48
C0234518,Slurred speech,48
C0392699,Dysaesthesia,48
C2242588,Traumatic liver injury,48
C0011334,Dental caries,47
C0021167,Incontinence,47
C0149904,Hepatitis cholestatic,47
C0232726,Rectal tenesmus,47
C0333641,Atrophy,47
C0428974,Arrhythmia supraventricular,47
C0438215,Laboratory test abnormal,47
C0003962,Ascites,46
C0013182,Drug hypersensitivity,46
C0035309,Retinal disorder,46
C0039503,Tendonitis,46
C0042345,Varicose vein,46
C0087169,Withdrawal symptom,46
C0152032,Urinary hesitation,46
C0220981,Metabolic acidosis,46
C0231919,Nasal dryness,46
C0012739,Disseminated intravascular coagulation,45
C0018021,Goitre,45
C0022081,Iritis,45
C0039239,Sinus tachycardia,45
C0151772,Manic psychosis,45
C0162820,Allergic contact dermatitis,45
C0262397,Breast tenderness,45
C0475858,Pruritus generalised,45
C0476280,Musculoskeletal chest pain,45
C0027697,Nephritis,44
C0030353,Papilloedema,44
C0034186,Pyelonephritis,44
C0038587,Withdrawal syndrome,44
C0040038,Thromboembolism,44
C0151717,Skin hypertrophy,44
C0151799,Skin necrosis,44
C0221490,Epigastric distress,44
C0232495,Abdominal pain lower,44
C0234894,Dermatitis acneiform,44
C0235032,Neurotoxicity,44
C0235818,Bullous eruption,44
C0409974,Lupus erythematosus,44
C0427008,Stiffness,44
C0600228,Cardio-respiratory arrest,44
C0700361,Emotional distress,44
C0853761,Blood potassium decreased,44
C1519353,Rash papular,44
C0000768,Congenital anomaly,43
C0002884,Hypochromic anaemia,43
C0004239,Atrial flutter,43
C0022116,Ischaemia,43
C0027932,Neurosis,43
C0030552,Paresis,43
C0036104,Salivation,43
C0085614,Atrioventricular block first degree,43
C0151734,Injection site inflammation,43
C0235490,Peripheral ischaemia,43
C0424605,Developmental delay,43
C0595930,Blood cholesterol increased,43
C0024299,Lymphoma,42
C0024305,Non-Hodgkin's lymphoma,42
C0231835,Tachypnoea,42
C0241863,Diabetic,42
C0857353,Hypotensive,42
C0858797,Instillation site pain,42
C0948349,Respiratory tract congestion,42
C2697368,Gastrointestinal tract irritation,42
C0018520,Breath odour,41
C0018800,Cardiomegaly,41
C0026857,Musculoskeletal disorder,41
C0039520,Tenosynovitis,41
C0151826,Retrosternal pain,41
C0235969,Ejaculation disorder,41
C0392676,Hyperpyrexia,41
C0542184,Reaction gastrointestinal,41
C0549209,Feeling jittery,41
C0686347,Tardive dyskinesia,41
C3203358,Hypoventilation,41
C0020542,Pulmonary hypertension,40
C0033036,Supraventricular extrasystoles,40
C0033845,Benign intracranial hypertension,40
C0034880,Hyperacusis,40
C0042134,Uterine haemorrhage,40
C0042487,Venous thrombosis,40
C0043387,Yawning,40
C0233514,Abnormal behaviour,40
C0549567,Pigmentation disorder,40
C2711227,Hepatic steatosis,40
C0017672,Glossodynia,39
C0021845,Intestinal perforation,39
C0026113,Miliaria,39
C0036973,Shivering,39
C0085616,Vasospasm,39
C0085637,Oculogyric crisis,39
C0234987,Dizziness postural,39
C0270996,Eye swelling,39
C1320835,Drug fever,39
C0007785,Cerebral infarction,38
C0012797,Diuresis,38
C0018808,Cardiac murmur,38
C0034359,Pyuria,38
C0037195,Sinus headache,38
C0038450,Stridor,38
C0042035,Micturition disorder,38
C0042164,Uveitis,38
C0151698,Injection site haemorrhage,38
C0271650,Glucose tolerance impaired,38
C0442886,Secondary infection,38
C0541832,Chromaturia,38
C0699828,Serotonin syndrome,38
C0002957,Anger,37
C0003460,Anuria,37
C0004144,Atelectasis,37
C0006147,Breast feeding,37
C0007114,Skin cancer,37
C0009760,Conjunctival haemorrhage,37
C0015469,Facial paralysis,37
C0018991,Hemiplegia,37
C0028259,Nodule,37
C0035317,Retinal haemorrhage,37
C0041105,Trismus,37
C0085602,Polydipsia,37
C0151559,CNS depression NOS,37
C0234930,Skin odour abnormal,37
C0236000,Pain in jaw,37
C0423602,Sensation of foreign body,37
C0546884,Hypovolaemia,37
C0853619,Local swelling,37
C1325847,Sensitisation,37
C0014335,Enteritis,36
C0014534,Epididymitis,36
C0149725,Lower respiratory tract infection,36
C0162298,Joint stiffness,36
C0700200,Presyncope,36
C0858259,Nasal discomfort,36
C0003873,Rheumatoid arthritis,35
C0004364,Autoimmune disorder,35
C0005778,Clotting,35
C0012813,Diverticulitis,35
C0015256,Excoriation,35
C0021308,Infarction,35
C0021775,Intermittent claudication,35
C0026766,Multi-organ failure,35
C0036983,Septic shock,35
C0086769,Panic attack,35
C0151474,Alcohol intolerance,35
C0175167,Acneiform eruption,35
C0232602,Retching,35
C0236068,Swollen tongue,35
C0281981,Skin mass,35
C0392176,Gastric irritation,35
C0392197,Warmth,35
C0549475,Lipase increased,35
C1619712,Procedural pain,35
C0007097,Carcinoma,34
C0014356,Enterocolitis,34
C0031154,Peritonitis,34
C0035222,Acute respiratory distress syndrome,34
C0038002,Splenomegaly,34
C0151517,Atrioventricular block complete,34
C0151838,Circumoral paresthesia,34
C0152025,Polyneuropathy,34
C0162529,Colitis ischaemic,34
C0235259,Cataract subcapsular,34
C0240327,Taste metallic,34
C0338656,Cognitive impairment,34
C0427086,Movements involuntary,34
C0855329,Electrocardiogram change,34
C0024282,Lymphocytosis,33
C0029878,Otitis externa,33
C0037278,Skin infection,33
C0039446,Telangiectasia,33
C0040485,Torticollis,33
C0085635,Photopsia,33
C0085681,Hyperphosphataemia,33
C0151601,Conjunctival oedema,33
C0162287,Abnormal faeces,33
C0231807,Dyspnoea exertional,33
C0241934,Hypomania,33
C0599918,Nephrotoxicity,33
C0751295,Memory loss,33
C1510472,Drug dependence,33
C1527311,Brain oedema,33
C0020639,Hypoproteinaemia,32
C0036396,Sciatica,32
C0039338,Taste disorders,32
C0041364,Tumour lysis syndrome,32
C0085669,Acute leukaemia,32
C0151313,Peripheral sensory neuropathy,32
C0151436,Allergic cutaneous angiitis,32
C0151480,Antinuclear antibody positive,32
C0235031,Neurological symptom,32
C0347390,Skin papilloma,32
C0853760,Blood potassium increased,32
C0857496,Thromboembolic event,32
C1861172,Venous thromboembolism,32
C3495920,Lacrimal structural disorder,32
C0004509,Azoospermia,31
C0007398,Catatonia,31
C0015403,Eye infection,31
C0020546,Hypertensive crisis,31
C0020569,Salivary gland enlargement,31
C0022661,Renal failure chronic,31
C0035229,Respiratory insufficiency,31
C0037011,Shoulder pain,31
C0037287,Skin nodule,31
C0151605,Injection site swelling,31
C0151686,Growth retardation,31
C0205204,Scab,31
C0234192,Feeling cold,31
C0242073,Pulmonary congestion,31
C0263449,Dermatitis perioral,31
C0349790,Exacerbation of asthma,31
C0521490,Application site irritation,31
C1720775,Renal tubular necrosis,31
C0010043,Ulcerative keratitis,30
C0013146,Drug abuse,30
C0013298,Duodenitis,30
C0014394,Enuresis,30
C0016059,Fibrosis,30
C0026650,Movement disorder,30
C0026846,Muscle atrophy,30
C0031085,Abscess periodontal,30
C0034152,Henoch-Schonlein purpura,30
C0037284,Skin lesion,30
C0042133,Uterine leiomyoma,30
C0085611,Atrial arrhythmia,30
C0151632,Red blood cell sedimentation rate increased,30
C0151937,Tendon rupture,30
C0151942,Arterial thrombosis,30
C0152027,Sensory disturbance,30
C0853697,Neutrophil count decreased,30
C0855333,Electrocardiogram QT corrected interval prolonged,30
C0870082,Hyperkeratosis,30
C0917799,Hypersomnia,30
C0010481,Cushing's syndrome,29
C0017566,Gingival hyperplasia,29
C0019372,Herpes virus infection,29
C0020452,Hyperaemia,29
C0025202,Malignant melanoma,29
C0038814,Sunburn,29
C0039621,Tetany,29
C0151701,Pulmonary haemorrhage,29
C0549386,Sensation of warmth,29
C1262144,Increased bronchial secretion,29
C2937350,Abnormal ejaculation,29
C0006625,Cachexia,28
C0015300,Exophthalmos,28
C0025290,Meningitis aseptic,28
C0025637,Methaemoglobinaemia,28
C0030807,Pemphigus,28
C0035258,Restless legs syndrome,28
C0035305,Retinal detachment,28
C0085623,Akinesia,28
C0151664,Gastrointestinal perforation,28
C0152517,Viral diarrhoea,28
C0221776,Oral pain,28
C0232498,Abdominal tenderness,28
C0233763,Hallucination; visual,28
C0235886,Leg edema,28
C0239981,Hypoalbuminaemia,28
C0264906,Atrioventricular block second degree,28
C0439857,Dependence,28
C0541799,Bad taste,28
C0852625,Injection site erythema,28
C3160741,Toxicity to various agents,28
C0002390,Alveolitis allergic,27
C0002888,Anaemia megaloblastic,27
C0002965,Angina unstable,27
C0009324,Colitis ulcerative,27
C0010038,Corneal opacity,27
C0015734,Faecalith,27
C0018772,Partial hearing loss,27
C0029927,Ovarian cyst,27
C0032708,Porphyrin metabolism disorder,27
C0085583,Choreoathetosis,27
C0151529,Bleeding time prolonged,27
C0151594,Diarrhoea haemorrhagic,27
C0235567,Sputum increased,27
C0236024,Pharyngeal oedema,27
C0521592,Hypoaesthesia oral,27
C0585186,Cutaneous hypersensitivity,27
C0853700,Application site erythema,27
C1262113,Lipohypertrophy,27
C1269683,Major depression,27
C1321686,Faecaloma,27
C1322281,Rhinitis seasonal,27
C1458155,Breast neoplasm,27
C2607914,Rhinitis allergic,27
C0001125,Lactic acidosis,26
C0006325,Bruxism,26
C0009443,Common cold,26
C0010037,Corneal oedema,26
C0017605,Angle closure glaucoma,26
C0018621,Seasonal allergy,26
C0023418,Leukaemia,26
C0024117,Chronic obstructive pulmonary disease,26
C0024236,Lymphoedema,26
C0027720,Nephrosis,26
C0030332,Panophthalmitis,26
C0032290,Pneumonia aspiration,26
C0033247,Proctocolitis,26
C0034068,Pulmonary eosinophilia,26
C0040425,Tonsillitis,26
C0043349,Xerophthalmia,26
C0151579,Crystalluria,26
C0151824,Biliary colic,26
C0151936,Tendon disorder,26
C0232197,Cardiac fibrillation,26
C0237314,Heart rate irregular,26
C0242656,Disease progression,26
C0259799,Punctate keratitis,26
C0341012,Oral herpes,26
C0476089,Endometrial cancer,26
C0494475,Tonic-clonic seizures,26
C0559031,Functional gastrointestinal disorder,26
C0699893,Skin carcinoma,26
C0877192,Lipodystrophy acquired,26
C2004489,Regurgitation,26
C0007117,Basal cell carcinoma,25
C0013609,Localised oedema,25
C0016242,Vitreous floaters,25
C0017086,Gangrene,25
C0020514,Hyperprolactinaemia,25
C0024894,Mastitis,25
C0026896,Myasthenia gravis,25
C0029453,Osteopenia,25
C0032231,Pleurisy,25
C0033246,Proctitis,25
C0034155,Thrombotic thrombocytopenic purpura,25
C0085129,Bronchial hyperreactivity,25
C0149741,Breast discharge,25
C0221423,Sickness,25
C0231303,Distress,25
C0235290,Taste bitter,25
C0235437,Gravitational oedema,25
C0240735,Personality change,25
C0241705,Strangury,25
C0262988,Cutaneous vasculitis,25
C0271738,Secondary adrenocortical insufficiency,25
C0423006,Eye discharge,25
C0520893,Localized exfoliation,25
C0548823,Distress gastrointestinal,25
C0600260,Obstructive airways disorder,25
C0795692,Hyperlactacidaemia,25
C1760428,Suicidal behaviour,25
C0001623,Adrenal insufficiency,24
C0007286,Carpal tunnel syndrome,24
C0008489,Chorea,24
C0019054,Haemolysis,24
C0019087,Haemorrhagic disorder,24
C0028754,Obesity,24
C0029443,Osteomyelitis,24
C0032461,Polycythaemia,24
C0035854,Rosacea,24
C0038525,Subarachnoid haemorrhage,24
C0039591,Testicular pain,24
C0043246,Laceration,24
C0085595,Body odor,24
C0151626,Necrolysis epidermal,24
C0231856,Breath sounds abnormal,24
C0234022,Anorgasmia,24
C0241057,Skin burning sensation,24
C0271051,Macular oedema,24
C0425945,Prolonged menses,24
C0521495,Application site rash,24
C0543467,Surgery,24
C0549433,Surgical intervention,24
C0853714,Application site pruritus,24
C0877661,Application site burn,24
C1096250,Gastrointestinal discomfort,24
C1112214,Vulvovaginal pruritus,24
C1318520,Vasculitis necrotising,24
C1457883,Aggressive reaction,24
C0005747,Blepharospasm,23
C0008033,Pleuritic pain,23
C0018946,Subdural haematoma,23
C0020565,Hypertrophy of breast,23
C0021359,Infertility,23
C0025320,Menopause,23
C0026636,Oral disorder,23
C0026986,Myelodysplastic syndrome,23
C0028960,Oligospermia,23
C0036980,Cardiogenic shock,23
C0038220,Status epilepticus,23
C0038826,Superinfection,23
C0040586,Tracheobronchitis,23
C0041976,Urethritis,23
C0161479,Nerve injury,23
C0239134,Productive cough,23
C0239739,Gingival pain,23
C0239978,Frequent bowel movements,23
C0241136,Pain of skin,23
C0242379,Lung neoplasm malignant,23
C0376358,Prostate cancer,23
C0435002,Ligament sprain,23
C0853777,Blood albumin decreased,23
C0919715,Lupus-like syndrome,23
C0919874,Post procedural haemorrhage,23
C0919924,Pulmonary toxicity,23
C0947999,Blood urine present,23
C0948595,Ocular discomfort,23
C2609445,Infusion site reactions,23
C2939186,Mood alteration NOS,23
C0003126,Anosmia,22
C0015393,Congenital eye disorder,22
C0022104,Irritable bowel syndrome,22
C0023787,Lipodystrophy,22
C0025218,Chloasma,22
C0025362,Mental retardation,22
C0025517,Metabolic disorder,22
C0027059,Myocarditis,22
C0032343,Poisoning,22
C0037023,Sialoadenitis,22
C0041948,Uremia,22
C0151705,Retroperitoneal haemorrhage,22
C0162316,Iron deficiency anaemia,22
C0221100,Hangover,22
C0235267,Eye redness,22
C0240557,Nasal irritation,22
C0259749,Autonomic neuropathy,22
C0345904,Hepatic cancer,22
C0392163,Corneal erosion,22
C0522153,Urine color abnormal,22
C0595883,Blood glucose decreased,22
C0728899,Intoxication,22
C0740425,Taste altered,22
C0852810,Blood creatinine decreased,22
C0856054,Mental status changes,22
C1096035,Infusion site pain,22
C1140680,Ovarian cancer,22
C1328337,Urethritis noninfective,22
C2938875,Upper-airway cough syndrome,22
C3665624,Blood calcium decreased,22
C0003708,Arachnoiditis,21
C0016034,Fibrocystic breast disease,21
C0016977,Gallbladder disorder,21
C0018213,Basedow's disease,21
C0018500,Hair disorder,21
C0030846,Penis disorder,21
C0036690,Septicemia,21
C0079043,Bronchoconstriction,21
C0086525,Lassitude,21
C0151671,Glucose tolerance decreased,21
C0151691,High density lipoprotein decreased,21
C0162281,Corneal deposits,21
C0233715,Speech impairment NOS,21
C0238106,Clostridium difficile colitis,21
C0239488,Erythema facial,21
C0240211,Lip swelling,21
C0264886,Conduction disorder,21
C0278079,Dependence psychological,21
C0520589,Vulvovaginal dryness,21
C0541782,Sinus arrest,21
C0750426,White blood cell count increased,21
C0852913,Blood amylase increased,21
C0876994,Cardiotoxicity,21
C1510431,Thrombophlebitis superficial,21
C0004610,Bacteraemia,20
C0007137,Squamous cell carcinoma,20
C0009946,Conversion disorder,20
C0010399,Crying,20
C0018989,Hemiparesis,20
C0019061,Haemolytic uraemic syndrome,20
C0028077,Night blindness,20
C0033581,Prostatitis,20
C0037290,Pigmentation skin,20
C0041296,Tuberculosis,20
C0042594,Vestibular disorder,20
C0042998,Vulvovaginitis,20
C0085622,Monoplegia,20
C0086132,Depressive symptom,20
C0151611,Electroencephalogram abnormal,20
C0151818,Opisthotonus,20
C0156312,Testicular atrophy,20
C0221016,Red blood cell disorders,20
C0232807,Function kidney decreased,20
C0233459,Emotional disorder,20
C0235750,Hypertension worsened,20
C0235874,Condition aggravated,20
C0235901,Lacrimation abnormal NOS,20
C0239150,Creatinine low,20
C0270458,Psychotic depression,20
C0278106,Ejaculation failure,20
C0302809,Hepatitis fulminant,20
C0341047,Parotid gland enlargement,20
C0343863,Genital candidiasis,20
C0423798,Increased tendency to bruise,20
C0520573,Buffalo hump,20
C0553548,Angiitis necrotising,20
C0741494,Bilirubin total increased,20
C0854082,Blood prolactin increased,20
C0948807,Hepatic impairment,20
C0973461,Dysphasia,20
C1608945,Exfoliative rash,20
C2240374,Eosinophil count increased,20
C3665346,Unspecified visual loss,20
C0005684,Bladder cancer,19
C0018378,Guillain-Barre syndrome,19
C0019163,Hepatitis B,19
C0019340,Herpes NOS,19
C0020701,Hysteria,19
C0027092,Myopia,19
C0029124,Optic atrophy,19
C0032781,Postnasal drip,19
C0033046,Premenstrual syndrome,19
C0037315,Sleep apnoea syndrome,19
C0042420,Syncope vasovagal,19
C0085688,Breast engorgement,19
C0151564,Cogwheel rigidity,19
C0151785,Mucous membrane disorder,19
C0155626,Acute myocardial infarction,19
C0221165,Diplegia,19
C0221170,Muscle stiffness,19
C0221203,Rash vesicular,19
C0231365,Urination impaired,19
C0235876,Depression aggravated,19
C0239340,Edema of lower extremities,19
C0239454,Erythema of eyelid,19
C0262385,Autonomic nervous system imbalance,19
C0262662,Ventricular bigeminy,19
C0392162,Sticky skin,19
C0520887,Electrocardiogram ST segment depression,19
C0549405,Blood pressure fluctuation,19
C0684249,Carcinoma of lung,19
C0743680,Eye oedema,19
C0854100,Nitrogen balance negative,19
C0858678,Alopecia reversible,19
C0860866,Potassium low,19
C0863113,Hypotension symptomatic,19
C0877055,Acute generalised exanthematous pustulosis,19
C0877322,Muscle tightness,19
C1510497,Lenticular opacities,19
C2239176,Hepatocellular carcinoma,19
C3160858,Posterior reversible encephalopathy syndrome,19
C0001622,Hyperadrenocorticism,18
C0001883,Airway obstruction NOS,18
C0003813,Sinus arrhythmia,18
C0007760,Cerebellar syndrome,18
C0013132,Drooling,18
C0018824,Cardiac valve disease,18
C0022573,Keratoconjunctivitis,18
C0023890,Hepatic cirrhosis,18
C0029877,Otitis,18
C0030318,Panic reaction,18
C0030486,Paraplegia,18
C0037672,Somnambulism,18
C0040128,Thyroid disorder,18
C0085660,Aseptic necrosis,18
C0085692,Cystitis haemorrhagic,18
C0151934,Hypogeusia,18
C0221242,Fixed drug eruption,18
C0232910,Teratogenicity,18
C0233485,Apprehension,18
C0235280,Ototoxicity,18
C0235351,Tongue ulceration,18
C0239295,Oesophageal candidiasis,18
C0240417,Muscle mass,18
C0262431,Spinal compression fracture,18
C0278080,Dependence physiological,18
C0332563,Papule,18
C0476281,Non-cardiac chest pain,18
C0521498,Injection site irritation,18
C0541820,Carbohydrate tolerance decreased,18
C0860803,Glucose increased,18
C0877153,Neutropenic sepsis,18
C1145628,Unspecified disorder of autonomic nervous system,18
C1302752,Abrasion NOS,18
C1527358,Phototoxicity,18
C1619702,Device related infection,18
C2939419,Metastatic neoplasm,18
C0008301,Choking,17
C0010828,Cytopenia,17
C0020295,Hydronephrosis,17
C0022073,Iridocyclitis,17
C0024031,Low back pain,17
C0025287,Meningism,17
C0033775,Anal pruritus,17
C0040261,Onychomycosis,17
C0149514,Acute bronchitis,17
C0162557,Acute hepatic failure,17
C0221706,Road traffic accident,17
C0233565,Bradykinesia,17
C0233762,Hallucination; auditory,17
C0234047,Ejaculation delayed,17
C0234428,Consciousness abnormal,17
C0235347,Black hairy tongue,17
C0235763,Psoriasis flare-up,17
C0239377,Pain in arm,17
C0242339,Dyslipidaemia,17
C0271710,Hypoglycemic reaction,17
C0427108,Unsteadiness,17
C0429097,QRS complex,17
C0429098,Electrocardiogram QRS complex,17
C0474378,Hair colour changes,17
C0520888,Electrocardiogram T wave inversion,17
C0542203,Water retention,17
C0553692,Haemorrhagic stroke,17
C0853225,International normalised ratio increased,17
C0856151,Fat redistribution,17
C0948873,Flu symptoms,17
C1280433,Lipoatrophy,17
C1321898,Blood in stool,17
C1527407,Eosinophilic pneumonia,17
C3495440,Bleeding breakthrough,17
C0000786,Abortion spontaneous,16
C0001175,Acquired immunodeficiency syndrome,16
C0003615,Appendicitis,16
C0004690,Balanitis,16
C0006114,Edema cerebral,16
C0008035,Chest wall pain,16
C0008311,Cholangitis,16
C0009917,Muscle contracture,16
C0013220,Drug tolerance,16
C0015468,Facial pain,16
C0015644,Fasciculation,16
C0019193,Hepatitis toxic,16
C0019196,Hepatitis C,16
C0021051,Immunodeficiency,16
C0028866,IIIrd nerve paralysis,16
C0029442,Osteomalacia,16
C0030848,Peyronie's disease,16
C0034902,Aplasia pure red cell,16
C0038160,Staphylococcal infection,16
C0040434,Tooth discolouration,16
C0043241,Wound infection,16
C0085762,Alcohol abuse,16
C0151609,Scrotal oedema,16
C0151830,Urethral pain,16
C0152169,Renal colic,16
C0221185,Xanthopsia,16
C0221269,Pseudolymphoma,16
C0234193,Sensation of heat,16
C0234369,Trembling,16
C0235025,Peripheral motor neuropathy,16
C0235315,Faeces discoloured,16
C0241442,Protrusion tongue,16
C0241633,Vaginal dryness,16
C0270994,Steroid myopathy,16
C0338614,Psychotic episode,16
C0338908,Anxiety depression,16
C0344320,Vivid dreams,16
C0393593,Dystonia,16
C0434437,Joint sprain,16
C0497201,Abnormal sensation in eye,16
C0542008,Injection site haematoma,16
C0542476,Forgetfulness,16
C0553732,Prothrombin level decreased,16
C0577559,Mass,16
C0700292,Hypoxemia,16
C0852192,Asthenic conditions,16
C0876973,Lung infection,16
C1096343,Infusion site reaction,16
C1142139,Drug reaction with eosinophilia and systemic symptoms,16
C1142499,Gastrointestinal toxicity,16
C1384606,Dyspareunia,16
C1456822,Claudication,16
C2584688,Testicular swelling,16
C2586050,Oesophagitis ulcerative,16
C3257803,Tearing eyes,16
C0004095,Asthenopia,15
C0007682,Central nervous system disorder,15
C0009766,Conjunctivitis allergic,15
C0012359,Distention,15
C0017658,Glomerulonephritis,15
C0018843,Heat stroke,15
C0020522,Type IV hypersensitivity reaction,15
C0021655,Insulin resistance,15
C0023467,Acute myeloid leukaemia,15
C0029163,Mouth haemorrhage,15
C0030781,Peliosis hepatis,15
C0035204,Respiratory disorder,15
C0035508,Rhonchi,15
C0036341,Schizophrenia,15
C0041956,Ureteric obstruction,15
C0043250,Wound,15
C0080276,Urogenital disorder,15
C0085570,Alkalosis hypokalaemic,15
C0085702,Monocytosis,15
C0151747,Renal tubular disorder,15
C0155003,Blindness transient,15
C0235169,Excitability,15
C0235409,Increased insulin requirement,15
C0239385,Paresthesia of limbs,15
C0240671,Activated partial thromboplastin time prolonged,15
C0262985,Dermatitis psoriasiform,15
C0265031,Haemorrhoidal haemorrhage,15
C0424230,Psychomotor retardation,15
C0521509,Injection site induration,15
C0522063,Impaired gastric emptying,15
C0522172,Feeling drunk,15
C0525045,Affective disorder,15
C0595929,Cholesterol serum elevated,15
C0678222,Carcinoma breast,15
C0743400,Ejection fraction decreased,15
C0812387,Coldness,15
C0850149,Dry cough,15
C0852908,Drug ineffective,15
C1112320,Temperature intolerance,15
C1260922,Respiration abnormal,15
C1262013,Recall phenomenon,15
C1268766,Change in blood pressure,15
C1287298,Urine output,15
C1306577,Death,15
C1704272,Benign prostatic hyperplasia,15
C0002940,Aneurysm,14
C0003469,Anxiety disorder,14
C0003850,Arteriosclerosis,14
C0004044,Asphyxia,14
C0004998,Benign neoplasm of skin,14
C0006285,Bronchopneumonia,14
C0007166,Cardiac output decreased,14
C0007177,Cardiac tamponade,14
C0010346,Crohn's disease,14
C0014173,Endometrial hyperplasia,14
C0014866,Oesophageal stenosis,14
C0015663,Fasting,14
C0016385,Cardiac flutter,14
C0018916,Haemangioma,14
C0019917,Hordeolum,14
C0020255,Hydrocephalus,14
C0020523,Type I hypersensitivity,14
C0020619,Hypogonadism,14
C0022893,Labyrinthitis,14
C0023212,Left ventricular failure,14
C0023510,White blood cell disorder,14
C0023524,Progressive multifocal leukoencephalopathy,14
C0023646,Lichen planus,14
C0023903,Hepatic neoplasm,14
C0024205,Lymphadenitis,14
C0025160,Megacolon,14
C0028949,Oligomenorrhoea,14
C0029089,Ophthalmoplegia,14
C0029928,Ovarian disorder,14
C0030567,Parkinson's disease,14
C0031924,Piloerection,14
C0036416,Scleritis,14
C0041747,Unintended pregnancy,14
C0042256,Vaginal itching,14
C0042907,Vitreous detachment,14
C0043117,Idiopathic thrombocytopenic purpura,14
C0080203,Tachyarrhythmia,14
C0085661,Onycholysis,14
C0151577,Creatinine renal clearance decreased,14
C0151752,Lactation female,14
C0221345,Nail discolouration,14
C0221752,Blood urine,14
C0232409,Hair growth abnormal,14
C0232488,Abdominal colic,14
C0235270,Keratopathy,14
C0235325,Gastric haemorrhage,14
C0235807,Hair texture abnormal,14
C0236065,Oedema mouth,14
C0236072,Bronchospasm paradoxical,14
C0237938,Gastrointestinal ulcer,14
C0241157,Pustule,14
C0260662,Auditory disorder NOS,14
C0312420,Hypersexuality,14
C0332601,Cushingoid,14
C0393760,Initial insomnia,14
C0520806,Sudden death; cause unknown,14
C0543698,Hypersensitive syndrome,14
C0555724,Lip dry,14
C0853019,Blood thyroid stimulating hormone increased,14
C0853026,Porphyria non-acute,14
C0853193,Bipolar I disorder,14
C0853908,Oropharyngeal swelling,14
C0858617,Posterior subcapsular cataract,14
C0920171,Foreign body sensation in eyes,14
C0948296,Ear discomfort,14
C1264613,Gastrointestinal infection,14
C1274594,Lichenoid keratosis,14
C1522133,High cholesterol,14
C1720798,Radiation recall reaction (dermatologic),14
C0002063,Alkalosis,13
C0005586,Bipolar disorder,13
C0005818,Platelet disorder,13
C0010073,Arteriospasm coronary,13
C0011880,Diabetic ketoacidosis,13
C0013415,Dysthymic disorder,13
C0014038,Encephalitis,13
C0014175,Endometriosis,13
C0014869,Reflux esophagitis,13
C0015423,Eyelid disorder,13
C0019151,Hepatic encephalopathy,13
C0019156,Venoocclusive liver disease,13
C0019214,Hepatosplenomegaly,13
C0019294,Inguinal hernia,13
C0019345,Herpes labialis,13
C0020620,Hypohidrosis,13
C0020903,Illusion,13
C0022575,Keratoconjunctivitis sicca,13
C0023798,Lipoma,13
C0024437,Macular degeneration,13
C0026603,Motion sickness,13
C0029132,Optic nerve disorder,13
C0030578,Paronychia,13
C0030662,Pathological gambling,13
C0030805,Pemphigoid,13
C0031099,Periodontitis,13
C0033893,Tension headache,13
C0034951,Refraction disorder,13
C0039584,Testicular disorder,13
C0042755,Virilism,13
C0043037,Common wart,13
C0085680,Hypochloraemia,13
C0086168,Dissociation,13
C0149937,Acute interstitial nephritis,13
C0155365,Vitreous disorder,13
C0162566,Porphyria cutanea tarda,13
C0231170,Disability,13
C0234131,Motor dysfunction,13
C0234909,Nail changes,13
C0234916,Rash follicular,13
C0235761,Nasal septum perforation,13
C0235848,Skin cold clammy,13
C0242461,Purpura non-thrombocytopenic,13
C0270611,Brain injury,13
C0278061,Mental state abnormal,13
C0393761,Middle insomnia,13
C0423232,Corneal staining,13
C0426390,Bladder spasm,13
C0520587,Vulvovaginal discomfort,13
C0549448,Haemoglobin increased,13
C0553702,Ca++ increased,13
C0553704,Serum potassium increased,13
C0553713,Breast pain female,13
C0553721,Sweating decreased,13
C0558401,Skin laceration,13
C0581912,Sensation of heaviness,13
C0595878,Blood sodium increased,13
C0701811,Short-term memory loss,13
C0746961,Oxygen saturation decreased,13
C0751494,Convulsive seizure,13
C0853117,Blood testosterone decreased,13
C0855704,Vital dye staining cornea present,13
C0857448,Serum urea increased,13
C0860239,Catheter related infection,13
C0877046,Tooth infection,13
C0877338,Breast discomfort,13
C0919671,Subileus,13
C0919823,Cytolytic hepatitis,13
C0920289,Sluggishness,13
C1262141,Poor quality sleep,13
C1306571,Hepatic insufficiency,13
C3489393,Hiatus hernia,13
C0006663,Calcinosis,12
C0007194,Hypertrophic cardiomyopathy,12
C0008049,Varicella,12
C0010072,Coronary artery thrombosis,12
C0011644,Scleroderma,12
C0015927,Foetal death,12
C0018674,Head injury,12
C0018813,Myocardial rupture,12
C0021390,Inflammatory bowel disease,12
C0022638,Ketosis,12
C0022672,Nephrosis lower nephron,12
C0024314,Lymphoproliferative disorder,12
C0026764,Plasma cell myeloma,12
C0027609,Drug withdrawal syndrome neonatal,12
C0028173,NPN increased,12
C0032131,Plasmacytoma,12
C0035328,Retinal vein occlusion,12
C0036130,Salpingitis,12
C0037384,Snoring,12
C0039103,Synovitis,12
C0040147,Thyroiditis,12
C0043049,Water intoxication,12
C0080194,Muscle strain,12
C0151571,Corneal lesion,12
C0151971,Intestinal ulcer,12
C0162283,Nephrogenic diabetes insipidus,12
C0178415,Prostatic specific antigen increased,12
C0178421,Fibroadenoma of breast,12
C0233754,Derealisation,12
C0235195,Sedation,12
C0236082,Vaginal pain,12
C0239783,Groin pain,12
C0243065,Aplasia,12
C0264893,Nodal arrhythmia,12
C0267797,Hepatitis acute,12
C0270810,Peroneal nerve palsy,12
C0271298,Chemosis,12
C0339916,Viral upper respiratory tract infection,12
C0399459,Oral discomfort,12
C0406834,Wound secretion,12
C0424823,Parotid swelling,12
C0427457,Red blood cell count decreased,12
C0494559,Inner ear disorder,12
C0520588,Vulvovaginal pain,12
C0521465,Toxic skin eruption,12
C0549356,Inflicted injury,12
C0549399,Low density lipoprotein increased,12
C0549463,X-linked lymphoproliferative syndrome,12
C0554976,Bradyphrenia,12
C0586553,Thyrotropin high,12
C0595939,Stillbirth,12
C0699885,Bladder carcinoma,12
C0852995,Injection site pruritus,12
C0854382,Libido disorder,12
C0856882,Potassium increased,12
C0860207,Drug-induced liver injury,12
C0877098,Application site dryness,12
C0877303,Post procedural pain,12
C0877517,Blood phosphorus decreased,12
C0948441,Venoocclusive disease,12
C1168034,Gastric pH decreased,12
C1442903,Exostosis,12
C1527411,Retinal vein thrombosis,12
C1535939,Pneumocystis jirovecii pneumonia,12
C2939465,Glucose-6-phosphate dehydrogenase deficiency,12
C0007867,Cervix disorder,11
C0009024,Clonus,11
C0009144,Tongue coated,11
C0010034,Corneal disorder,11
C0011581,Depressive disorder,11
C0013687,Effusion,11
C0013985,Emotional disturbance NOS,11
C0014863,Oesophageal spasm,11
C0015695,Liver fatty,11
C0016169,Fistula,11
C0018188,Granuloma,11
C0020175,Hunger,11
C0020429,Hyperpathia,11
C0020438,Hypercalciuria,11
C0020507,Hyperplasia,11
C0022890,Labyrinthine disorder,11
C0024523,Malabsorption,11
C0026838,Muscle spasticity,11
C0027080,Myoglobinuria,11
C0029261,Orgasm abnormal,11
C0032533,Polymyalgia rheumatica,11
C0034013,Precocious puberty,11
C0034067,Emphysema,11
C0035357,Retroperitoneal fibrosis,11
C0036689,Pharyngitis streptococcal,11
C0038435,Stress,11
C0040584,Tracheitis,11
C0042376,Vascular headache,11
C0149744,Oral lesion,11
C0151544,Gastrointestinal carcinoma,11
C0151547,Cataract specified,11
C0151599,Drug level increased,11
C0151713,Hyperchlorhydria,11
C0151714,Hypermagnesaemia,11
C0151779,Melanoma skin,11
C0152009,WBC abnormal NOS,11
C0155320,Blindness cortical,11
C0221150,Odynophagia,11
C0221166,Paraparesis,11
C0221232,Welts,11
C0232286,Precordial pain,11
C0233795,Anterograde amnesia,11
C0235030,Neurologic reaction,11
C0235295,Abdominal distress,11
C0235889,Arthritis aggravated,11
C0235955,Dermatitis hemorrhagic,11
C0239937,Microscopic hematuria,11
C0240515,Nipple pain,11
C0241379,Increased thirst,11
C0241742,Wound haemorrhage,11
C0277884,Blood pressure systolic increased,11
C0281774,Acute psychosis,11
C0281856,Generalized aching,11
C0392703,Shakiness,11
C0400823,Neutropenic colitis,11
C0542101,Nasal burning,11
C0849918,Eyelids pruritus,11
C0851536,Administration site reaction,11
C0851976,Dyspeptic signs and symptoms,11
C0853875,Myoglobin urine present,11
C0860871,Sodium decreased,11
C0860967,Calcium low,11
C0863093,Cold symptoms,11
C0877365,Infusion site erythema,11
C1096274,Corneal thinning,11
C1141861,Procedural complication,11
C1167709,Epidermal necrosis,11
C1262036,Ocular toxicity,11
C1305875,Fibroadenosis of breast,11
C1392046,Cardiovascular insufficiency,11
C1504494,Tingling of extremity,11
C1963818,Gastrointestinal sounds abnormal,11
C2173677,Renal cyst,11
C0001973,Alcoholism,10
C0002886,Anaemia macrocytic,10
C0003507,Aortic valve stenosis,10
C0003621,Appetite disorder,10
C0005745,Eyelid ptosis,10
C0006152,Breast swelling,10
C0011127,Decubitus ulcer,10
C0011633,Dermatomyositis,10
C0011860,Type 2 diabetes mellitus,10
C0013928,Fat embolism,10
C0015624,Fanconi syndrome,10
C0016397,Localised infection,10
C0016927,Gagging,10
C0018784,Deafness neurosensory,10
C0019065,Peritoneal haemorrhage,10
C0020440,Hypercapnia,10
C0020678,Hypotrichosis,10
C0020757,Ichthyosis,10
C0021099,Impetigo,10
C0021122,Impulse-control disorder,10
C0023211,Bundle branch block left,10
C0024103,Breast mass,10
C0029191,Orchitis,10
C0030201,Postoperative pain,10
C0030319,Panic disorder,10
C0037052,Sick sinus syndrome,10
C0040136,Thyroid neoplasm,10
C0041909,Upper gastrointestinal haemorrhage,10
C0042165,Anterior uveitis,10
C0042721,Hepatitis viral,10
C0079102,Cerebral thrombosis,10
C0085077,Acute febrile neutrophilic dermatosis,10
C0085393,Immunocompromised,10
C0085594,Fever chills,10
C0085615,Bundle branch block right,10
C0085620,Paralysis flaccid,10
C0085684,Footdrop,10
C0151311,Cranial nerve paralysis,10
C0151604,Oedema genital,10
C0151683,Neutrophil count increased,10
C0151814,Coronary artery occlusion,10
C0151854,Abnormal platelets,10
C0151911,Generalised spasm,10
C0151998,Uterine spasm,10
C0152115,Orofacial dyskinesia,10
C0162848,Eruption lichenoid,10
C0221742,Serum sickness-like reaction,10
C0231837,Respiratory rate decreased,10
C0232766,Asterixis,10
C0233401,Psychiatric symptom,10
C0234146,Areflexia,10
C0234535,Clonic convulsion,10
C0235082,Tremor muscle,10
C0235293,Taste peculiar,10
C0235318,Fullness abdominal,10
C0235439,Ankle edema,10
C0235857,Lacrimation decreased,10
C0235939,Crying abnormal,10
C0235966,Dreaming excessive,10
C0236051,Tolerance development,10
C0239935,Haematocrit increased,10
C0240717,Perineal pain,10
C0241060,Dermal cyst,10
C0242698,Left ventricular dysfunction,10
C0263386,Ichthyosis acquired,10
C0267537,Caecitis,10
C0276680,Candida albicans infection,10
C0277585,Drug intolerance,10
C0278008,Change of bowel habit,10
C0311394,Walking disability,10
C0349231,Phobia,10
C0392702,Abnormal involuntary movements,10
C0423773,Skin scaly,10
C0424109,Tearfulness,10
C0424296,Disinhibition,10
C0424448,Masked facies,10
C0426732,Prostatomegaly,10
C0455204,Homicidal ideation,10
C0474381,Chromatopsia,10
C0520962,Pain localised,10
C0521508,Injection site bruising,10
C0541919,Dystonic reaction,10
C0549385,Feeling of body temperature change,10
C0549493,Alveolitis,10
C0600139,Prostate carcinoma,10
C0750016,Generalized urticaria,10
C0847033,Allergic oedema,10
C0853348,Arthropod bite,10
C0853986,Lymphocyte count decreased,10
C0857121,Hypertensive,10
C0860210,Granulomatous liver disease,10
C0860713,Carbon dioxide increased,10
C0877097,Application site vesicles,10
C0877232,Peripheral swelling,10
C0920102,Phosphorus low,10
C0948008,Ischaemic stroke,10
C0948294,Eyelid margin crusting,10
C1142011,Orchitis noninfective,10
C1167791,Skin toxicity,10
C1262064,Oculogyration,10
C1579838,Sore mouth,10
C1610069,Circulatory depression,10
C1994994,Excessive thirst,10
C2711248,Osteonecrosis of jaw,10
C3160947,CNS toxicity,10
